impact,consequence,allele
HIGH,frameshift_variant,TA
MODIFIER,downstream_gene_variant,TA
MODIFIER,intron_variant,TA
MODIFIER,non_coding_transcript_exon_variant,TA
HIGH,frameshift_variant,C
MODIFIER,3_prime_UTR_variant,C
MODIFIER,downstream_gene_variant,C
MODIFIER,intron_variant,C
MODIFIER,non_coding_transcript_exon_variant,C
MODERATE,missense_variant,G
MODIFIER,3_prime_UTR_variant,G
MODIFIER,downstream_gene_variant,G
MODIFIER,intron_variant,G
MODIFIER,non_coding_transcript_exon_variant,G
HIGH,splice_acceptor_variant&intron_variant,A
MODIFIER,upstream_gene_variant,A
MODIFIER,intron_variant,A
